{
  "time_recent": [
    "C1279919\tEarlier\tTemporal Concept",
    "C0333276\tacute bleed\tPathologic Function",
    "C0332185\tRecent\tTemporal Concept",
    "C1578513\tnew\tFinding",
    "C1513491\tMost Recent\tTemporal Concept",
    "C0439588\tacute chronic\tTemporal Concept",
    "C0333548\tAcute infarct\tPathologic Function",
    "C0333277\tSubacute bleeding\tPathologic Function",
    "C0751956\tAcute Stroke\tDisease or Syndrome",
    "C0205365\tSubacute\tTemporal Concept",
    "C0205178\tAcuteness\tTemporal Concept",
    "C0333560\tEvolving infarct\tPathologic Function"
  ],

  "time_old": [
    "C0333629\tHemosiderin Deposition\tPathologic Function",
    "C0749095\tChronic Subdural Hematoma\tPathologic Function",
    "C0205156\tFormer\tTemporal Concept",
    "C0332152\tBefore\tTemporal Concept",
    "C0439588\tacute chronic\tTemporal Concept",
    "C0580836\tOld\tTemporal Concept",
    "C0205191\tChronic\tTemporal Concept",
    "C0333551\tOld infarct\tPathologic Function",
    "C3714811\tResolved\tFinding"
  ],

  "mening_tumour": [
    "C0025286\tMengioma\tNeoplastic Process"
  ],

  "metast_tumour": [
    "C0555278\tCerebral metastases\tNeoplastic Process",
    "C0221198\tLesion\tFinding",
    "C0027627\tMetastases\tNeoplastic Process",
    "C0233520\tDestructive\tIndividual Behavior"
  ],
  
  "subarachnoid_haemorrhage": [
    "C0005767\tSanguis\tTissue",
    "C0038525\tSubarachnoid Hemorrhage\tDisease or Syndrome"
  ],
  
  "subdural_haematoma": [
    "C0038541\tSubdural\tBody Space or Junction",
    "C0018946\tSubdural Hematoma\tPathologic Function",
    "C0749095\tChronic Subdural Hematoma\tPathologic Function"
  ],

  "contusion": [
    "C0009938\tContusions"
  ],

  "trauma": [
    "C0332663\tTraumatic",
    "C3714660\tTrauma"
  ],

   "ischaemic_stroke": [
    "C0585229\tMultiple lacunar infarcts\tDisease or Syndrome",
    "C3178801\tLacunar Stroke\tDisease or Syndrome",
    "C0017639\tGlioses\tPathologic Function",
    "C0164707\tEPI\tPharmacologic Substance",
    "C0001365\tCva\tDisease or Syndrome",
    "C1165245\tPacis\tPharmacologic Substance",
    "C0948008\tIschemic stroke\tDisease or Syndrome",
    "C0740392\tINFARCT MCA\tDisease or Syndrome",
    "C1446220\tBasal ganglion stroke\tPathologic Function",
    "C0333560\tEvolving infarct\tPathologic Function",
    "C0022116\tIschemia\tPathologic Function",
    "C0752132\tINFARCT PCA\tDisease or Syndrome",
    "C0333559\tLacunar Infarct\tDisease or Syndrome",
    "C0007785\tCerebral infarct\tDisease or Syndrome",
    "C1511938\tDifferentiation\tClinical Attribute",
    "C0021308\tInfarct\tPathologic Function",
    "C0333551\tOld infarct\tPathologic Function",
    "C0241970\tLACUNE\tAcquired Abnormality",
    "C0585629\tLeft sided cerebral infarction\tPathologic Function",
    "C0333548\tAcute infarct\tPathologic Function",
    "C0333542\tFocal infarct\tPathologic Function",
    "C0751587\tCADASIL\tDisease or Syndrome"
  ],

  "aneurysm": [
    "C0002940\tAneurysm",
    "C0439651\tAneurysmal"
  ],

  "secondary": [
    "C0175668\tSecondary to"
  ],

  "transformation": [
    "C1510411\tTransformed\tPathologic Function"
  ],

  "intracranial_haemorrhage": [
    "C0151699\tIntracranial bleed\tPathologic Function"
  ],

  "intracerebral_haemorrhage": [
    "C0472376\tThalamus bleeding\tPathologic Function"
  ]
}