{
  "loc_deep": [
    "C2949882\tRight lentiform nucleus\tBody Part, Organ, or Organ Component",
    "C1548801\tExternal\tBody Location or Region",
    "C0305578\tcentrum\tPharmacologic Substance",
    "C0740279\tCerebellar atrophy\tDisease or Syndrome",
    "C0007759\tCortex Cerebelli\tBody Part, Organ, or Organ Component",
    "C0007765\tCerebellar\tBody Part, Organ, or Organ Component",
    "C0039729\tThalamus\tBody Part, Organ, or Organ Component",
    "C2334778\tRight internal capsule\tBody Part, Organ, or Organ Component",
    "C0546019\tLeft basal ganglia\tBody Part, Organ, or Organ Component",
    "C0241970\tLACUNE\tAcquired Abnormality",
    "C0737244\tCorona radiata\tBody Part, Organ, or Organ Component",
    "C2328150\tRight thalamus\tBody Part, Organ, or Organ Component",
    "C3178801\tLacunar Stroke\tDisease or Syndrome",
    "C0164707\tEPI\tPharmacologic Substance",
    "C0149854\tCerebellar hemorrhage\tPathologic Function",
    "C0152341\tCapsula Interna\tBody Part, Organ, or Organ Component",
    "C2330009\tAnterior limb of left internal capsule\tBody Part, Organ, or Organ Component",
    "C0007776\tCortex\tBody Part, Organ, or Organ Component",
    "C1389280\tBasal ganglia calcification\tPathologic Function",
    "C2951935\tRight side of pons\tBody Part, Organ, or Organ Component",
    "C0228465\tCerebellar hemisphere\tBody Part, Organ, or Organ Component",
    "C0004781\tBasal Nuclei\tBody Part, Organ, or Organ Component",
    "C0032639\tPontes\tBody Part, Organ, or Organ Component",
    "C0871456\tSubcortical lesions\tDisease or Syndrome",
    "C0162342\tLentiform Nuclei\tBody Part, Organ, or Organ Component",
    "C0017067\tGanglia\tBody Part, Organ, or Organ Component",
    "C2339807\tLeft internal capsule\tBody Part, Organ, or Organ Component",
    "C0815275\tsubcortical\tBody Location or Region",
    "C0228515\tCerebellar Peduncle\tBody Part, Organ, or Organ Component",
    "C0545733\tvertebrobasilar\tBody Part, Organ, or Organ Component",
    "C0333559\tLacunar Infarct\tDisease or Syndrome",
    "C0006121\tBrainstem\tBody Part, Organ, or Organ Component",
    "C2340044\tLeft thalamus\tBody Part, Organ, or Organ Component",
    "C0228291\tBasal ganglia and capsules\tBody Part, Organ, or Organ Component",
    "C2330887\tRight external capsule\tBody Part, Organ, or Organ Component",
    "C0006104\tBrains\tBody Part, Organ, or Organ Component",
    "C2950746\tLeft lentiform nucleus\tBody Part, Organ, or Organ Component",
    "C0010090\tCorpus Callosum\tBody Part, Organ, or Organ Component",
    "C2338227\tLeft external capsule\tBody Part, Organ, or Organ Component",
    "C0018827\tVentricle\tBody Part, Organ, or Organ Component",
    "C2337761\tLobe of cerebellum\tBody Part, Organ, or Organ Component",
    "C0228181\tCentrum ovale\tBody Part, Organ, or Organ Component",
    "C0152321\tGenu corpus callosi\tBody Part, Organ, or Organ Component",
    "C1446220\tBasal ganglion stroke\tPathologic Function",
    "C1116439\tPosterior fossa\tBody Part, Organ, or Organ Component",
    "C0025462\tMidbrain\tBody Part, Organ, or Organ Component",
    "C0152345\tCapsula Externa\tBody Part, Organ, or Organ Component",
    "C0546018\tRight basal ganglia\tBody Part, Organ, or Organ Component"
  ],
  "atrophy": [
    "C1114365\tAge\tClinical Attribute",
    "C0740279\tCerebellar atrophy\tDisease or Syndrome",
    "C1265891\tFocal atrophy\tPathologic Function",
    "C0333641\tAtrophy\tPathologic Function",
    "C2700258\tVolume\tLaboratory Procedure",
    "C3151195\tCerebral and cerebellar atrophy\tFinding",
    "C0598275\tDiffuse cerebral atrophy\tFinding",
    "C3273211\tAge-Related Atrophy\tPathologic Function",
    "C0006104\tBrains\tBody Part, Organ, or Organ Component",
    "C0235946\tBrain atrophy\tDisease or Syndrome"
  ],
  "stroke": [
    "C0018944\tHematoma\tPathologic Function",
    "C0005847\tVessel\tBody Part, Organ, or Organ Component",
    "C0487602\tStaining\tLaboratory Procedure",
    "C4019010\tEvent\tClinical Attribute",
    "C0751956\tAcute Stroke\tDisease or Syndrome",
    "C0038454\tStroke\tDisease or Syndrome"
  ],
  "metast_tumour": [
    "C0555278\tCerebral metastases\tNeoplastic Process",
    "C0221198\tLesion\tFinding",
    "C0027627\tMetastases\tNeoplastic Process",
    "C0233520\tDestructive\tIndividual Behavior"
  ],
  "time_recent": [
    "C1279919\tEarlier\tTemporal Concept",
    "C0333276\tacute bleed\tPathologic Function",
    "C0332185\tRecent\tTemporal Concept",
    "C1578513\tnew\tFinding",
    "C1513491\tMost Recent\tTemporal Concept",
    "C0439588\tacute chronic\tTemporal Concept",
    "C0333548\tAcute infarct\tPathologic Function",
    "C0333277\tSubacute bleeding\tPathologic Function",
    "C0751956\tAcute Stroke\tDisease or Syndrome",
    "C0205365\tSubacute\tTemporal Concept",
    "C0205178\tAcuteness\tTemporal Concept",
    "C0333560\tEvolving infarct\tPathologic Function"
  ],
  "subdural_haematoma": [
    "C0018944\tHematoma\tPathologic Function",
    "C0038541\tSubdural\tBody Space or Junction",
    "C0018946\tSubdural Hematoma\tPathologic Function",
    "C0749095\tChronic Subdural Hematoma\tPathologic Function",
    "C0019080\tBleeding\tPathologic Function"
  ],
  "ischaemic_stroke": [
    "C0031001\tPerfusion\tTherapeutic or Preventive Procedure",
    "C0149566\tSylvian artery\tBody Part, Organ, or Organ Component",
    "C0585229\tMultiple lacunar infarcts\tDisease or Syndrome",
    "C3178801\tLacunar Stroke\tDisease or Syndrome",
    "C0017639\tGlioses\tPathologic Function",
    "C0164707\tEPI\tPharmacologic Substance",
    "C0001365\tCva\tDisease or Syndrome",
    "C1165245\tPacis\tPharmacologic Substance",
    "C0948008\tIschemic stroke\tDisease or Syndrome",
    "C0740392\tINFARCT MCA\tDisease or Syndrome",
    "C0038454\tStroke\tDisease or Syndrome",
    "C1446220\tBasal ganglion stroke\tPathologic Function",
    "C0333560\tEvolving infarct\tPathologic Function",
    "C4019010\tEvent\tClinical Attribute",
    "C0022116\tIschemia\tPathologic Function",
    "C0752132\tINFARCT PCA\tDisease or Syndrome",
    "C0333559\tLacunar Infarct\tDisease or Syndrome",
    "C0007785\tCerebral infarct\tDisease or Syndrome",
    "C1511938\tDifferentiation\tClinical Attribute",
    "C0021308\tInfarct\tPathologic Function",
    "C0333551\tOld infarct\tPathologic Function",
    "C0241970\tLACUNE\tAcquired Abnormality",
    "C0585629\tLeft sided cerebral infarction\tPathologic Function",
    "C0333548\tAcute infarct\tPathologic Function",
    "C0333542\tFocal infarct\tPathologic Function",
    "C0751587\tCADASIL\tDisease or Syndrome"
  ],
  "haemorrhagic_transformation": [
    "C1510411\tTransformed\tPathologic Function"
  ],
  "microhaemorrhage": [
    "C0019080\tBleeding\tPathologic Function",
    "C0859253\tMicrohaemorrhage\tPathologic Function",
    "C2750293\tMicrobleeds\tFinding"
  ],
  "subarachnoid_haemorrhage": [
    "C0005767\tSanguis\tTissue",
    "C0038525\tSubarachnoid Hemorrhage\tDisease or Syndrome"
  ],
  "tumour": [
    "C1333071\tClival Chordoma\tNeoplastic Process",
    "C0270614\tIntracranial lump\tFinding",
    "C2931822\tCancer of Nasopharynx\tNeoplastic Process",
    "C0027651\tTumors\tNeoplastic Process",
    "C0577559\tA mass\tFinding",
    "C0001430\tAdenoma\tNeoplastic Process",
    "C0346308\tPituitary macroadenoma\tNeoplastic Process",
    "C0342419\tPituitary mass\tAnatomical Abnormality",
    "C0032000\tPituitary Adenoma\tNeoplastic Process",
    "C0746408\tMass/lesion\tNeoplastic Process",
    "C0221198\tLesion\tFinding",
    "C0871456\tSubcortical lesions\tDisease or Syndrome",
    "C0457193\tSoft tissue mass\tAnatomical Abnormality",
    "C0024299\tLymphoma\tNeoplastic Process",
    "C2752009\tWhite matter lesions\tFinding",
    "C0746405\tcystic mass\tDisease or Syndrome"
  ],
  "small_vessel_disease": [
    "C0228157\tPeriventricular white matter\tBody Part, Organ, or Organ Component",
    "C1114365\tAge\tClinical Attribute",
    "C0010957\tDamage\tInjury or Poisoning",
    "C1843516\tDilated perivascular spaces\tFinding",
    "C0815275\tsubcortical\tBody Location or Region",
    "C0022116\tIschemia\tPathologic Function",
    "C0042373\tAngiopathy\tDisease or Syndrome",
    "C1282841\tSmall vessels\tBody Part, Organ, or Organ Component",
    "C0152295\tCerebral White Matter\tTissue",
    "C2733158\tCerebral Microangiopathy\tDisease or Syndrome",
    "C1833300\tWhite matter changes\tFinding",
    "C0221198\tLesion\tFinding",
    "C0225988\tSmall vessel\tBody Part, Organ, or Organ Component",
    "C0012634\tDisease\tDisease or Syndrome",
    "C0682708\tWhite Matter\tTissue",
    "C0270612\tLeukoencephalopathy\tDisease or Syndrome",
    "C0006104\tBrains\tBody Part, Organ, or Organ Component",
    "C1853380\tPeriventricular white matter changes\tFinding"
  ],
  "glioma_tumour": [
    "C0017636\tGlioblastoma\tNeoplastic Process",
    "C1997217\tLow grade glioma\tNeoplastic Process",
    "C0028945\tOligodendroglioma\tNeoplastic Process",
    "C0017638\tGlioma\tNeoplastic Process",
    "C0334583\tPiloid astrocytoma\tNeoplastic Process",
    "C0004114\tAstrocytoma\tNeoplastic Process"
  ],
  "loc_cortical": [
    "C0030560\tParietal Lobe\tBody Part, Organ, or Organ Component",
    "C0228218\tRight occipital lobe\tBody Part, Organ, or Organ Component",
    "C0003842\tArtery\tBody Part, Organ, or Organ Component",
    "C0230010\tTemporal Fossa\tBody Space or Junction",
    "C0228193\tRight frontal lobe\tBody Part, Organ, or Organ Component",
    "C0751438\tPosterior\tDisease or Syndrome",
    "C0039484\tOs temporale\tBody Part, Organ, or Organ Component",
    "C0016733\tFrontal Lobe\tBody Part, Organ, or Organ Component",
    "C0078944\tIV PCA\tTherapeutic or Preventive Procedure",
    "C0226213\tRight middle cerebral artery\tBody Part, Organ, or Organ Component",
    "C0149566\tSylvian artery\tBody Part, Organ, or Organ Component",
    "C3495441\tMotor Strip\tBody Location or Region",
    "C0742901\tcraniotomy temporal\tTherapeutic or Preventive Procedure",
    "C0039452\tCerebrum\tBody Part, Organ, or Organ Component",
    "C2331118\tRight insula\tBody Part, Organ, or Organ Component",
    "C0226214\tLeft middle cerebral artery\tBody Part, Organ, or Organ Component",
    "C1165245\tPacis\tPharmacologic Substance",
    "C0751437\tAnterior\tDisease or Syndrome",
    "C0152299\tPrecentral Gyrus\tBody Part, Organ, or Organ Component",
    "C0016732\tOs frontale\tBody Part, Organ, or Organ Component",
    "C0007776\tCortex\tBody Part, Organ, or Organ Component",
    "C0031873\tPica Disease\tMental or Behavioral Dysfunction",
    "C0228207\tRight parietal lobe\tBody Part, Organ, or Organ Component",
    "C0228208\tLeft parietal lobe\tBody Part, Organ, or Organ Component",
    "C0459388\tFrontal Sulcus\tBody Part, Organ, or Organ Component",
    "C0028784\tOs occipitale\tBody Part, Organ, or Organ Component",
    "C0740392\tINFARCT MCA\tDisease or Syndrome",
    "C0149561\tAnterior Cerebral Artery\tBody Part, Organ, or Organ Component",
    "C0228219\tLeft occipital lobe\tBody Part, Organ, or Organ Component",
    "C0152302\tPostcentral Gyrus\tBody Part, Organ, or Organ Component",
    "C1184145\tOccipital\tBody Location or Region",
    "C0226247\tRight posterior cerebral artery\tBody Part, Organ, or Organ Component",
    "C0152283\tTemporal Horn\tBody Part, Organ, or Organ Component",
    "C0028785\tOccipital Lobe\tBody Part, Organ, or Organ Component",
    "C2339924\tRight insular cortex\tBody Part, Organ, or Organ Component",
    "C0796494\tLobe\tBody Part, Organ, or Organ Component",
    "C2362314\tTemporal\tTemporal Concept",
    "C0228194\tLeft frontal lobe\tBody Part, Organ, or Organ Component",
    "C0152296\tMarginal Gyrus\tBody Part, Organ, or Organ Component",
    "C0748512\tOccipital Scalp\tBody Location or Region",
    "C0030625\tPCA\tLaboratory Procedure",
    "C0228233\tLeft temporal lobe\tBody Part, Organ, or Organ Component",
    "C0752132\tINFARCT PCA\tDisease or Syndrome",
    "C0149554\tFRONTAL HORN\tBody Part, Organ, or Organ Component",
    "C0149576\tArteria cerebri posterior\tBody Part, Organ, or Organ Component",
    "C0597434\tsensory cortex\tBody Part, Organ, or Organ Component",
    "C0228202\tPremotor Area\tBody Part, Organ, or Organ Component",
    "C0021640\tInsula\tBody Part, Organ, or Organ Component",
    "C0228232\tRight temporal lobe\tBody Part, Organ, or Organ Component",
    "C3496562\tcortical white matter\tBody Part, Organ, or Organ Component",
    "C0039485\tTemporal Lobe\tBody Part, Organ, or Organ Component",
    "C0235946\tBrain atrophy\tDisease or Syndrome",
    "C3496378\tparietal white matter\tBody Part, Organ, or Organ Component",
    "C0272451\tParietal fracture\tInjury or Poisoning"
  ],
  "haemorrhagic_stroke": [
    "C0018944\tHematoma\tPathologic Function",
    "C0342406\tPituitary Hemorrhage\tPathologic Function",
    "C0333629\tHemosiderin Deposition\tPathologic Function",
    "C0333276\tacute bleed\tPathologic Function",
    "C3665429\tRecurrent hemorrhage\tPathologic Function",
    "C0333277\tSubacute bleeding\tPathologic Function",
    "C2937358\tBrain bleeding\tPathologic Function",
    "C0019080\tBleeding\tPathologic Function",
    "C0456388\tBlood Product\tPharmacologic Substance",
    "C0151699\tIntracranial bleed\tPathologic Function",
    "C1861265\tNo hemorrhage\tFinding",
    "C0149854\tCerebellar hemorrhage\tPathologic Function"
  ],
  "time_old": [
    "C0333629\tHemosiderin Deposition\tPathologic Function",
    "C0749095\tChronic Subdural Hematoma\tPathologic Function",
    "C0205156\tFormer\tTemporal Concept",
    "C0332152\tBefore\tTemporal Concept",
    "C0439588\tacute chronic\tTemporal Concept",
    "C0580836\tOld\tTemporal Concept",
    "C0205191\tChronic\tTemporal Concept",
    "C0333551\tOld infarct\tPathologic Function",
    "C3714811\tResolved\tFinding"
  ],
  "mening_tumour": [
    "C0025286\tMengioma\tNeoplastic Process"
  ]
}