{
  "test_ann_dir": "PH_INSTALLATION_PATH/data/semehr_results",
  "test_fulltext_dir": "PH_INSTALLATION_PATH/data/data/input_docs",
  "concept_mapping_file": "PH_INSTALLATION_PATH/semehr/nlp2phenome/pretrained_models/stroke_settings/merged_concept_mapping.json",
  "learning_model_dir": "PH_INSTALLATION_PATH/semehr/nlp2phenome/pretrained_models/stroke_settings/stroke_subtype_models/models",
  "entity_types_file": "PH_INSTALLATION_PATH/semehr/nlp2phenome/pretrained_models/stroke_settings/entity_types_phenotypes.txt",
  "ignore_mapping_file": "PH_INSTALLATION_PATH/semehr/nlp2phenome/pretrained_models/stroke_settings/empty_mappings.json",
  "ignore_context": true,
  "output_folder": "PH_INSTALLATION_PATH/data/phenome_results",
  "output_file": "PH_INSTALLATION_PATH/data/phenome_results/doc2anns.json",
  "predict_mode": "hybrid"
}