{
  "glioma_tumour": [
    "C0017636\tGlioblastoma\tNeoplastic Process",
    "C1997217\tLow grade glioma\tNeoplastic Process",
    "C0028945\tOligodendroglioma\tNeoplastic Process",
    "C0017638\tGlioma\tNeoplastic Process",
    "C0334583\tPiloid astrocytoma\tNeoplastic Process",
    "C0004114\tAstrocytoma\tNeoplastic Process"
  ],
  "subarachnoid_haemorrhage": [
    "C0038527\tSubarachnoid Space\tBody Space or Junction",
    "C0038525\tSubarachnoid Hemorrhage\tDisease or Syndrome"
  ],
  "tumour": [
    "C0346308\tPituitary macroadenoma\tNeoplastic Process",
    "C0027651\tTumors\tNeoplastic Process",
    "C0278488\tBreast Cancer Stage IV\tNeoplastic Process",
    "C0521158\tRecurrent Tumor\tNeoplastic Process",
    "C0270614\tIntracranial lump\tFinding",
    "C0742078\tBrain Mass\tDisease or Syndrome",
    "C0007137\tSquamous Carcinoma\tNeoplastic Process",
    "C0032000\tPituitary Adenoma\tNeoplastic Process",
    "C0240606\tOrbital mass\tFinding",
    "C0010276\tCystoma\tNeoplastic Process",
    "C0543478\tResidual Tumor\tNeoplastic Process",
    "C1527390\tIntracranial Tumor\tNeoplastic Process",
    "C1997217\tLow grade glioma\tNeoplastic Process",
    "C0006118\tBrain Tumor\tNeoplastic Process",
    "C1881358\tLarge Mass\tFinding",
    "C0023798\tLipoma\tNeoplastic Process",
    "C0008487\tChordoma\tNeoplastic Process",
    "C0006142\tBreast Cancer\tNeoplastic Process",
    "C0577008\tEsophageal Mass\tFinding",
    "C0577559\tA mass\tFinding",
    "C0746408\tMass/lesion\tNeoplastic Process",
    "C0153633\tBrain Ca\tNeoplastic Process",
    "C0024299\tLymphoma\tNeoplastic Process"
  ],
  "stroke": [
    "C0038454\tStroke\tDisease or Syndrome"
  ],
  "subdural_haematoma": [
    "C0018944\tHematoma\tPathologic Function",
    "C0749095\tChronic Subdural Hematoma\tPathologic Function",
    "C0018946\tSubdural Hematoma\tPathologic Function",
    "C0038541\tSubdural\tBody Space or Junction"
  ],
  "haemorrhagic_transformation": [
    "C0472369\tHemorrhagic cerebral infarction\tDisease or Syndrome",
    "C0333549\tRed infarct\tPathologic Function",
    "C0347697\tSecondary hemorrhage\tFinding"
  ],
  "time_recent": [
    "C1279919\tEarlier\tTemporal Concept",
    "C4018905\tToo early\tFinding",
    "C0332665\tRecent injury\tInjury or Poisoning",
    "C0333276\tacute bleed\tPathologic Function",
    "C0332185\tRecent\tTemporal Concept",
    "C1578513\tnew\tFinding",
    "C0001314\tACUTE DIS\tDisease or Syndrome",
    "C1513491\tMost Recent\tTemporal Concept",
    "C0333548\tAcute infarct\tPathologic Function",
    "C0205365\tSubacute\tTemporal Concept",
    "C0205178\tAcuteness\tTemporal Concept",
    "C0333560\tEvolving infarct\tPathologic Function"
  ],
  "loc_cortical": [
    "C0030560\tParietal Lobe\tBody Part, Organ, or Organ Component",
    "C0228218\tRight occipital lobe\tBody Part, Organ, or Organ Component",
    "C0152281\tFrontal horn of lateral ventricle\tBody Part, Organ, or Organ Component",
    "C0230010\tTemporal Fossa\tBody Space or Junction",
    "C0228193\tRight frontal lobe\tBody Part, Organ, or Organ Component",
    "C0226248\tLeft posterior cerebral artery\tBody Part, Organ, or Organ Component",
    "C0039484\tOs temporale\tBody Part, Organ, or Organ Component",
    "C0740385\tMiddle Cerebral Artery Aneurysm\tDisease or Syndrome",
    "C0016733\tFrontal Lobe\tBody Part, Organ, or Organ Component",
    "C0021640\tInsula\tBody Part, Organ, or Organ Component",
    "C0226213\tRight middle cerebral artery\tBody Part, Organ, or Organ Component",
    "C0149566\tSylvian artery\tBody Part, Organ, or Organ Component",
    "C0226214\tLeft middle cerebral artery\tBody Part, Organ, or Organ Component",
    "C1184145\tOccipital\tBody Location or Region",
    "C0016732\tOs frontale\tBody Part, Organ, or Organ Component",
    "C0007776\tCortex\tBody Part, Organ, or Organ Component",
    "C0272450\tFrontal fracture\tInjury or Poisoning",
    "C0228207\tRight parietal lobe\tBody Part, Organ, or Organ Component",
    "C0228208\tLeft parietal lobe\tBody Part, Organ, or Organ Component",
    "C0740392\tINFARCT MCA\tDisease or Syndrome",
    "C0016734\tFrontal Sinus\tBody Space or Junction",
    "C0149561\tAnterior Cerebral Artery\tBody Part, Organ, or Organ Component",
    "C3496374\tfrontal white matter\tBody Part, Organ, or Organ Component",
    "C0149576\tArteria cerebri posterior\tBody Part, Organ, or Organ Component",
    "C0752132\tINFARCT PCA\tDisease or Syndrome",
    "C0149554\tFRONTAL HORN\tBody Part, Organ, or Organ Component",
    "C0265085\tCortical hemorrhage\tPathologic Function",
    "C0228232\tRight temporal lobe\tBody Part, Organ, or Organ Component",
    "C0152283\tTemporal Horn\tBody Part, Organ, or Organ Component",
    "C0152302\tPostcentral Gyrus\tBody Part, Organ, or Organ Component",
    "C0028785\tOccipital Lobe\tBody Part, Organ, or Organ Component",
    "C0751843\tACA INFARCT\tDisease or Syndrome",
    "C0796494\tLobe\tBody Part, Organ, or Organ Component",
    "C2324050\tLeft insula\tBody Part, Organ, or Organ Component",
    "C0546012\tlobe parietal temporal\tBody Location or Region",
    "C0152282\tLateral ventricle, occipital horn\tBody Part, Organ, or Organ Component",
    "C2362314\tTemporal\tTemporal Concept",
    "C1290398\tCerebral aneurysm\tDisease or Syndrome",
    "C0226202\tLeft anterior cerebral artery\tBody Part, Organ, or Organ Component",
    "C0228194\tLeft frontal lobe\tBody Part, Organ, or Organ Component",
    "C0039485\tTemporal Lobe\tBody Part, Organ, or Organ Component",
    "C0272457\tOccipital fracture\tInjury or Poisoning",
    "C0228233\tLeft temporal lobe\tBody Part, Organ, or Organ Component",
    "C0228219\tLeft occipital lobe\tBody Part, Organ, or Organ Component",
    "C2953008\tRight cerebral cortex\tBody Part, Organ, or Organ Component",
    "C0028784\tOs occipitale\tBody Part, Organ, or Organ Component",
    "C0226247\tRight posterior cerebral artery\tBody Part, Organ, or Organ Component",
    "C3278126\tCortical thinning\tFinding",
    "C0226201\tRight anterior cerebral artery\tBody Part, Organ, or Organ Component",
    "C0235946\tBrain atrophy\tDisease or Syndrome",
    "C3496378\tparietal white matter\tBody Part, Organ, or Organ Component"
  ],
  "metast_tumour": [
    "C0153690\tBone Metastases\tNeoplastic Process",
    "C0025202\tMelanoma\tNeoplastic Process",
    "C0278488\tBreast Cancer Stage IV\tNeoplastic Process",
    "C0494165\tLiver Metastases\tNeoplastic Process",
    "C0555278\tCerebral metastases\tNeoplastic Process",
    "C1704231\tNeoplastic meningitis\tNeoplastic Process",
    "C1513183\tMetastatic Lesion\tFinding",
    "C0027627\tMetastases\tNeoplastic Process"
  ],
  "mening_tumour": [
    "C0025286\tMengioma\tNeoplastic Process"
  ],
  "atrophy": [
    "C0333641\tAtrophy\tPathologic Function",
    "C3151195\tCerebral and cerebellar atrophy\tFinding",
    "C1265891\tFocal atrophy\tPathologic Function",
    "C0598275\tDiffuse cerebral atrophy\tFinding",
    "C0235946\tBrain atrophy\tDisease or Syndrome"
  ],
  "loc_deep": [
    "C2949882\tRight lentiform nucleus\tBody Part, Organ, or Organ Component",
    "C1116439\tPosterior fossa\tBody Part, Organ, or Organ Component",
    "C0149854\tCerebellar hemorrhage\tPathologic Function",
    "C0039729\tThalamus\tBody Part, Organ, or Organ Component",
    "C2334778\tRight internal capsule\tBody Part, Organ, or Organ Component",
    "C0546019\tLeft basal ganglia\tBody Part, Organ, or Organ Component",
    "C0737244\tCorona radiata\tBody Part, Organ, or Organ Component",
    "C0546018\tRight basal ganglia\tBody Part, Organ, or Organ Component",
    "C0007765\tCerebellar\tBody Part, Organ, or Organ Component",
    "C0472376\tThalamic hemorrhage\tPathologic Function",
    "C0025148\tBulbus\tBody Part, Organ, or Organ Component",
    "C1273723\tBrain region\tBody Location or Region",
    "C0152341\tCapsula Interna\tBody Part, Organ, or Organ Component",
    "C0007461\tCaudatus\tBody Part, Organ, or Organ Component",
    "C0742035\tCerebellar lesions\tDisease or Syndrome",
    "C1389280\tBasal ganglia calcification\tPathologic Function",
    "C0228465\tCerebellar hemisphere\tBody Part, Organ, or Organ Component",
    "C0004781\tBasal Nuclei\tBody Part, Organ, or Organ Component",
    "C0032639\tPontes\tBody Part, Organ, or Organ Component",
    "C2328150\tRight thalamus\tBody Part, Organ, or Organ Component",
    "C0162342\tLentiform Nuclei\tBody Part, Organ, or Organ Component",
    "C2339807\tLeft internal capsule\tBody Part, Organ, or Organ Component",
    "C0815275\tsubcortical\tBody Location or Region",
    "C0228515\tCerebellar Peduncle\tBody Part, Organ, or Organ Component",
    "C0265086\tInternal capsule hemorrhage\tPathologic Function",
    "C0333559\tLacunar Infarct\tDisease or Syndrome",
    "C2340044\tLeft thalamus\tBody Part, Organ, or Organ Component",
    "C0010090\tCorpus Callosum\tBody Part, Organ, or Organ Component",
    "C0742038\tCerebellar signs\tFinding",
    "C2330887\tRight external capsule\tBody Part, Organ, or Organ Component",
    "C0226246\tCerebellar Artery\tBody Part, Organ, or Organ Component",
    "C0228482\tVermis\tBody Part, Organ, or Organ Component",
    "C2937358\tBrain bleeding\tPathologic Function",
    "C0240059\tVentricular hemorrhage\tPathologic Function",
    "C0006121\tBrainstem\tBody Part, Organ, or Organ Component",
    "C0007793\tCrus cerebri\tBody Part, Organ, or Organ Component",
    "C0228505\tLobule X\tBody Part, Organ, or Organ Component",
    "C0236073\tCerebellar infarction\tDisease or Syndrome",
    "C0228181\tCentrum ovale\tBody Part, Organ, or Organ Component",
    "C0152345\tCapsula Externa\tBody Part, Organ, or Organ Component"
  ],
  "ischaemic_stroke": [
    "C0333560\tEvolving infarct\tPathologic Function",
    "C0333547\tMultiple infarcts\tPathologic Function",
    "C0752132\tINFARCT PCA\tDisease or Syndrome",
    "C0751843\tACA INFARCT\tDisease or Syndrome",
    "C0333559\tLacunar Infarct\tDisease or Syndrome",
    "C0751849\tRIGHT MIDDLE CEREBRAL ARTERY INFARCT\tDisease or Syndrome",
    "C0751846\tLeft Middle Cerebral Artery Infarction\tDisease or Syndrome",
    "C0007785\tCerebral infarct\tDisease or Syndrome",
    "C0333549\tRed infarct\tPathologic Function",
    "C0333548\tAcute infarct\tPathologic Function",
    "C0333542\tFocal infarct\tPathologic Function",
    "C0021308\tInfarct\tPathologic Function",
    "C0333551\tOld infarct\tPathologic Function",
    "C0236073\tCerebellar infarction\tDisease or Syndrome",
    "C0740392\tINFARCT MCA\tDisease or Syndrome"
  ],
  "time_old": [
    "C0205156\tFormer\tTemporal Concept",
    "C0749095\tChronic Subdural Hematoma\tPathologic Function",
    "C0205286\tMature\tTemporal Concept",
    "C0580836\tOld\tTemporal Concept",
    "C0205191\tChronic\tTemporal Concept",
    "C0333551\tOld infarct\tPathologic Function",
    "C3714811\tResolved\tFinding"
  ],
  "haemorrhagic_stroke": [
    "C0018944\tHematoma\tPathologic Function",
    "C0031256\tPetechia\tDisease or Syndrome",
    "C3665429\tRecurrent hemorrhage\tPathologic Function",
    "C0265085\tCortical hemorrhage\tPathologic Function",
    "C0333276\tacute bleed\tPathologic Function",
    "C0149854\tCerebellar hemorrhage\tPathologic Function",
    "C2937358\tBrain bleeding\tPathologic Function",
    "C0265086\tInternal capsule hemorrhage\tPathologic Function",
    "C0240059\tVentricular hemorrhage\tPathologic Function",
    "C0542007\tHEMATOMA CEREBRAL\tDisease or Syndrome",
    "C0019080\tBleeding\tPathologic Function",
    "C0472376\tThalamic hemorrhage\tPathologic Function",
    "C0596793\tIntracranial hematoma\tPathologic Function",
    "C0238154\tEpidural Hematoma\tPathologic Function",
    "C0151699\tIntracranial bleed\tPathologic Function"
  ]
}